{
  "name": "kendo-ui",
  "version": "2014.2.903",
  "dependencies": {
    "jquery": ">=1.9.1 <=2.1.1"
  },
  "authors": [
    "Telerik"
  ],
  "description": "Everything you need to build sites and apps with HTML5 & JavaScript",
  "main": "js/kendo.ui.core.min.js",
  "moduleType": [
    "amd",
    "globals"
  ],
  "keywords": [
    "html5",
    "javascript",
    "jquery",
    "ui",
    "framework"
  ],
  "license": "Apache2",
  "homepage": "http://www.github.com/telerik/kendo-ui-core",
  "private": false,
  "ignore": [
    "**/.*",
    "node_modules",
    "bower_components",
    "app/components",
    "test",
    "tests"
  ],
  "_release": "2014.2.903",
  "_resolution": {
    "type": "version",
    "tag": "2014.2.903",
    "commit": "b7754e75f74b3df516478bcd8a2c66c799d2895a"
  },
  "_source": "git://github.com/kendo-labs/bower-kendo-ui.git",
  "_target": "2014.2.903",
  "_originalSource": "kendo-ui-core"
}