{
  "name": "angular-translate-storage-local",
  "description": "A plugin for Angular Translate",
  "version": "2.7.2",
  "main": "./angular-translate-storage-local.js",
  "dependencies": {
    "angular-translate": "~2.7.2",
    "angular-translate-storage-cookie": "~2.7.2"
  },
  "ignore": [],
  "author": "Pascal Precht",
  "licenses": [
    {
      "type": "MIT",
      "url": "http://www.opensource.org/licenses/MIT"
    }
  ],
  "homepage": "https://github.com/PascalPrecht/bower-angular-translate-storage-local",
  "_release": "2.7.2",
  "_resolution": {
    "type": "version",
    "tag": "2.7.2",
    "commit": "fbe59885ce3e7e509d02101137f06722e2d04ebb"
  },
  "_source": "git://github.com/PascalPrecht/bower-angular-translate-storage-local.git",
  "_target": "2.7.2",
  "_originalSource": "angular-translate-storage-local"
}