{
  "name": "angular-translate-loader-static-files",
  "description": "A plugin for Angular Translate",
  "version": "2.7.2",
  "main": "./angular-translate-loader-static-files.js",
  "dependencies": {
    "angular-translate": "~2.7.2"
  },
  "ignore": [],
  "author": "Pascal Precht",
  "licenses": [
    {
      "type": "MIT",
      "url": "http://www.opensource.org/licenses/MIT"
    }
  ],
  "homepage": "https://github.com/PascalPrecht/bower-angular-translate-loader-static-files",
  "_release": "2.7.2",
  "_resolution": {
    "type": "version",
    "tag": "2.7.2",
    "commit": "8e5bdd5d978fd307a9740f5e7026d41433cbe420"
  },
  "_source": "git://github.com/PascalPrecht/bower-angular-translate-loader-static-files.git",
  "_target": "2.7.2",
  "_originalSource": "angular-translate-loader-static-files"
}