{
  "name": "eonasdan-bootstrap-datetimepicker",
  "version": "3.1.3",
  "main": [
    "build/css/bootstrap-datetimepicker.min.css",
    "build/js/bootstrap-datetimepicker.min.js"
  ],
  "dependencies": {
    "jquery": ">=1.8.3",
    "bootstrap": ">= 3.0",
    "moment": ">=2.8.0"
  },
  "homepage": "https://github.com/Eonasdan/bootstrap-datetimepicker",
  "authors": [
    "Eonasdan"
  ],
  "description": "bootstrap3 datetimepicker",
  "keywords": [
    "twitter-bootstrap",
    "bootstrap",
    "datepicker",
    "datetimepicker",
    "timepicker",
    "moment"
  ],
  "license": "MIT",
  "private": false,
  "ignore": [
    "**/.*",
    "node_modules",
    "bower_components",
    "test",
    "tests"
  ],
  "_release": "3.1.3",
  "_resolution": {
    "type": "version",
    "tag": "v3.1.3",
    "commit": "a597288db638f7c959e78d29ea53db7b6b2a9149"
  },
  "_source": "git://github.com/Eonasdan/bootstrap-datetimepicker.git",
  "_target": "3.1.3",
  "_originalSource": "eonasdan-bootstrap-datetimepicker"
}